Identification Level,External Identifier,Compound,sFEnD3_mean,sFEnD2_mean,Fold_Change,P_Value,FDR_P_Value
Tier 2,,"4-p-Coumaroyl-1,5-quinolactone",0.9049999999999999,0.0267,33.895131086142314,0.033378438122346976,0.1180312261106594
Tier 1,HMDB0029010,Prolyl-Alanine,1.697,0.07533333333333334,22.52654867256637,0.004977053083384787,0.040925607999267075
Tier 2,,"N(alpha)-Acetyl-L-2,4-diaminobutyric acid",2.2696666666666667,0.11499999999999999,19.736231884057972,0.018790368328750442,0.08436075118936201
Tier 1,HMDB0028680,Alanyl-Alanine,2.1776666666666666,0.12433333333333334,17.514745308310992,0.013779278186643254,0.07193776314558348
Tier 1,C00860,Histidinol,1.3286666666666667,0.09933333333333333,13.375838926174497,0.007803674918582911,0.054557457628342035
Tier 1,C00041,Alanine,2.1823333333333337,0.17733333333333334,12.30639097744361,0.02156168732733936,0.092214005949765
Tier 2,,"3-p-Coumaroyl-1,5-quinolactone",0.9643333333333333,0.09096666666666668,10.600952729937704,0.04615801828416235,0.14467550777121052
Tier 1,,4-Chloroindole-3-acetic acid,1.1256666666666666,0.11273333333333334,9.985215848610288,0.01726709026686164,0.08028626304613777
Tier 1,HMDB0028690,Alanyl-Isoleucine,2.0366666666666666,0.24066666666666667,8.462603878116344,0.046223935751434714,0.14467550777121052
Tier 2,,Arginyl-Lysine,3.233333333333333,0.38933333333333336,8.304794520547944,0.026655213918401508,0.1046770663532675
Tier 1,,N-Acetyl-Glycine,2.1199999999999997,0.27699999999999997,7.653429602888086,0.0037258283771416005,0.035107602350464354
Tier 2,,Neohesperidin dihydrochalcone,3.0073333333333334,0.41533333333333333,7.240770465489567,0.04546935400563496,0.14467550777121052
Tier 2,C05516,5-Amino-4-imidazole carboxylic acid,1.0,0.14353333333333332,6.967022758941013,0.03202953160899705,0.11699464316550615
Tier 2,C04020,D-Lysopine,4.082333333333334,0.6282333333333333,6.49811641109991,0.024954155518344144,0.10042314668666967
Tier 1,C01020,6-Hydroxynicotinic Acid,2.6616666666666666,0.41596666666666665,6.398749899831717,1.330028761544822e-06,0.0007707516673152243
Tier 2,,N2'-Acetyl-3'-Hydroxykynurenamine,1.2826666666666666,0.20199999999999999,6.34983498349835,1.6205899831088367e-08,1.8782637904231415e-05
Tier 2,C03277,Imidazole pyruvic acid,1.789,0.28600000000000003,6.255244755244754,3.4023752814875583e-06,0.0012429833625570632
Tier 2,C21640,6-(1'-Hydroxy-2'-oxopropyl)-tetrahydropterin,2.074666666666667,0.33226666666666665,6.243980738362762,0.018462129127473567,0.08325917376942359
Tier 2,,2-Amino-4-[(2-hydroxy-1-oxopropyl)amino]butanoic acid,2.6123333333333334,0.4293333333333333,6.084627329192547,0.021935919989686047,0.09278734039432894
Tier 1,HMDB0028853,Glycyl-Tyrosine,1.9126666666666665,0.31766666666666665,6.020986358866736,0.004103902904019777,0.03657053459108858
Tier 2,C00606,Isomer 1 of 3-Sulfino-L-alanine,1.1103333333333334,0.18833333333333332,5.895575221238938,0.00031693467547349907,0.011131129965872285
Tier 2,,"N-Acetyl-2-Carboxy-2,3-dihydro-5,6-dihydroxyindole",1.2486666666666666,0.22643333333333335,5.5145002208155445,0.0041210522114011544,0.03657053459108858
Tier 1,HMDB0029120,Valyl-Alanine,1.2566666666666668,0.22999999999999998,5.46376811594203,0.04100348664691612,0.13462617853760844
Tier 2,C02165,Leukotriene B4,2.6316666666666664,0.4847333333333334,5.429101911704028,0.0016609538129638028,0.024332657335295924
Tier 2,,Margaroylglycine,1.3463333333333332,0.24933333333333332,5.399732620320855,0.019745281877452038,0.08668477915138982
Tier 2,,beta-Alanyl-Lysine,2.2273333333333336,0.4206666666666667,5.2947702060221875,0.02414211961465562,0.09887179022397832
Tier 2,,(3-Nitroamino)alanine,1.921,0.37633333333333335,5.104517271922055,0.02895366309282707,0.10923203712620103
Tier 1,HMDB0028964,Lysyl-Valine,1.7166666666666668,0.3373333333333333,5.088932806324111,0.031655755545863654,0.116104495815367
Tier 2,C05715,Isomer 1 of gamma-Amino-gamma-cyanobutanoic acid,2.106,0.4263333333333333,4.939796716184519,0.020444866588137836,0.08869032470421138
Tier 1,C00213,N-Methyl-Glycine,2.0036666666666667,0.41133333333333333,4.871150729335494,0.018110531793394443,0.08199260292400062
Tier 2,C01092,8-Amino-7-oxononanoic acid,1.7206666666666666,0.3599666666666667,4.780072228910083,0.00781409660595753,0.054557457628342035
Tier 1,HMDB0028944,Lysyl-Alanine,1.9109999999999998,0.40599999999999997,4.706896551724138,0.028025439444831393,0.10791190802843717
Tier 1,HMDB0028692,Alanyl-Lysine,1.8626666666666665,0.40399999999999997,4.6105610561056105,0.03220128660034207,0.11699464316550615
Tier 2,C05679,N-Monomethyl-2-aminoethylphosphonate,3.068333333333333,0.6806666666666666,4.507835455435846,0.00048334918830904733,0.01514058673649151
Tier 2,,N-Acetyl-(S)-2-Aminobutanoic acid,2.622666666666667,0.6273333333333334,4.180658873538788,0.020229598296415945,0.08847586575677766
Tier 1,C00327,Citrulline,1.4576666666666667,0.35733333333333334,4.079291044776119,0.03045392443516002,0.11276708760495356
Tier 1,C00148,Proline,1.3653333333333333,0.3353333333333333,4.071570576540756,0.01243020994149956,0.06795572321791504
Tier 2,C14100,4-Formylsalicylic acid,3.4629999999999996,0.8543333333333333,4.053452984783457,0.029122260113887934,0.10923203712620103
Tier 1,C10438,Cinnamic acid/Trans-Cinnamic acid,0.7416666666666666,0.18933333333333333,3.9172535211267605,0.010567103952275034,0.06412185068422391
Tier 2,,Dimethyl fukiic acid,1.9026666666666667,0.496,3.8360215053763445,0.04877682091855607,0.14876930380159603
Tier 2,,2-Oxo-4-hydroxy-5-aminovaleric acid,1.1996666666666667,0.31636666666666663,3.792013486460858,0.0021990396390660135,0.028012618457532713
Tier 2,,N2-Hydroxy-L-Tryptophan,2.6566666666666667,0.7031666666666667,3.77814648020858,0.0031493066954188026,0.0325897005356285
Tier 2,,1-Pyrroline-5-carboxylic acid,1.1523333333333332,0.30866666666666664,3.7332613390928726,0.0003848307069735229,0.012743393982351803
Tier 2,,Salicylate beta-D-Glucose Ester,1.8253333333333333,0.48933333333333334,3.730245231607629,0.04650660192102059,0.14467550777121052
Tier 2,,Seryl-Glycine,0.6983333333333334,0.18733333333333335,3.7277580071174374,0.01495523319913258,0.07407314221279769
Tier 2,,A-Ketoglutaric acid oxime,2.872,0.7879999999999999,3.6446700507614214,0.00025862933787471103,0.011131129965872285
Tier 2,,1H-Indole-3-methanamine,1.1936666666666667,0.33169999999999994,3.59863330318561,0.03218092108686349,0.11699464316550615
Tier 2,,N-Acetyl-5-Methyltetrahydrofolic acid,1.9430000000000003,0.5613333333333334,3.4614014251781478,0.026733746022922503,0.1046770663532675
Tier 1,HMDB0028700,Alanyl-Valine,1.717666666666667,0.49800000000000005,3.449129852744311,0.03841277802707998,0.12941979573658632
Tier 2,C04397,3-Hydroxy-L-proline,1.3123333333333334,0.387,3.3910422049956934,0.026881040805468864,0.10489941512975898
Tier 2,,3-Phenylpropionylglycine,1.4136666666666666,0.42966666666666664,3.2901474010861134,0.02526283324816148,0.1009642197745488
Tier 2,C01850,Rosmarinic acid,1.78,0.5445333333333333,3.2688540646425075,0.038039523052374284,0.12941979573658632
Tier 2,C02906,Myricetin,1.1413333333333335,0.35733333333333334,3.194029850746269,0.049876037470952206,0.14937035511326513
Tier 1,C00135,L-Histidine,0.9159999999999999,0.29023333333333334,3.1560813138853794,0.006506860799223415,0.04865452687935443
Tier 2,C01888,Aminoacetone,0.9396666666666667,0.30033333333333334,3.1287458379578243,0.04769992419720707,0.1463546280679061
Tier 2,C05635,Isomer 2 of 5-Hydroxyindoleacetic acid,1.9233333333333331,0.6163333333333333,3.120605732828556,0.003019533360720503,0.0318886486489755
Tier 2,,4-Oxoglutaramic acid,1.5003333333333335,0.4907333333333333,3.0573291672327136,0.00027981366693756514,0.011131129965872285
Tier 2,,Isomer 2 of N-Acetyl-DL-serine,1.3886666666666667,0.467,2.9735902926481086,7.080882425911102e-05,0.005154741265565959
Tier 1,HMDB0028683,Alanyl-Aspartic acid,1.6656666666666666,0.5646666666666667,2.949822904368359,0.008818207670347494,0.05725339830267198
Tier 1,HMDB0029118,Tyrosyl-Valine,1.163,0.4173333333333333,2.7867412140575083,0.022064348064598182,0.09299119784316107
Tier 2,C12642,Pelargonidin 3-O-(6-O-malonyl-beta-D-glucoside),1.031,0.39053333333333334,2.6399795151928984,0.03664138101478534,0.12676824058548122
Tier 1,C00082,Tyrosine,1.484,0.5686666666666667,2.6096131301289565,0.033372837040165755,0.1180312261106594
Tier 2,C16196,"Isomer 4 of 1,2-Dihydroxynaphthalene-6-sulfonic acid",0.842,0.328,2.567073170731707,0.0002923645250633395,0.011131129965872285
Tier 1,C00065,Serine,1.5153333333333334,0.592,2.559684684684685,0.03355998620747564,0.1180312261106594
Tier 2,C04744,"2,6-Diamino-4-hydroxy-5-N-methylformamidopyrimidine",1.7276666666666667,0.676,2.5557199211045365,0.017791871234211592,0.08118416834823321
Tier 1,HMDB0029030,Prolyl-Valine,1.3339999999999999,0.5339999999999999,2.49812734082397,0.01580065144804262,0.07567336788546032
Tier 1,C00099,Beta-Alanine,1.1806666666666665,0.47333333333333333,2.494366197183098,0.04773257067270795,0.1463546280679061
Tier 2,,Glycidic acid,1.8796666666666664,0.7543333333333333,2.491825011047282,0.043914635567316625,0.14138072950699992
Tier 1,,"2,6-Dihydroxybenzoic acid",1.704,0.6951999999999999,2.4510932105868815,0.022458852528227415,0.0939704335025833
Tier 2,C00072,Ascorbic acid,1.6473333333333333,0.674,2.4441147378832837,0.02349006633515801,0.09691330478289621
Tier 2,,Aminoacrylic acid,1.7396666666666667,0.718,2.4229340761374187,0.049469910101756095,0.14931152554149824
Tier 1,HMDB0028802,Glutaminyl-lysine,1.95,0.8136666666666668,2.39655878738222,0.0010018403178459283,0.019105312510070326
Tier 2,,Prolyl-Aspartic acid,1.2406666666666666,0.5296666666666666,2.34235368156073,0.0014167049176375206,0.02414648528738068
Tier 2,,Isomer 1 of Prolyl-Serine,1.8013333333333332,0.775,2.324301075268817,0.04851709898112352,0.1483675929264437
Tier 1,HMDB0029064,Threoninyl-Isoleucine,1.7613333333333336,0.7593333333333333,2.3195785776997373,0.030224216226771808,0.11252946340382806
Tier 2,,3-Amino-2-piperidone,1.1626666666666667,0.5036666666666666,2.308405029781602,0.00696049067521452,0.05138349485715687
Tier 2,,Isomer 1 of N-Acetyl-DL-serine,1.8393333333333333,0.8033333333333333,2.2896265560165974,0.008899304279090381,0.0573016314414764
Tier 2,,Pyruvatoxime,2.176,0.9506666666666667,2.288920056100982,0.00590536275023631,0.0453265922352575
Tier 2,C05658,Isomer 1 of Indoxyl,2.7726666666666664,1.2133333333333334,2.285164835164835,0.008398064523621226,0.05646609878747539
Tier 2,C14837,"Isomer 2 of 9,10-Dihydroxy-12,13-epoxyoctadecanoic acid",1.4909999999999999,0.6596666666666667,2.2602324406265786,0.04940948288675038,0.14931152554149824
Tier 2,,4-Hydroxybenzeneacetonitrile,2.6929999999999996,1.2136666666666667,2.2188959077176595,0.01282274534794552,0.06929424658267766
Tier 1,C01933,Norleucine,1.6256666666666666,0.7403333333333334,2.1958577217469606,0.028851057128043263,0.10923203712620103
Tier 1,HMDB0011178,Prolyl-Glycine,1.2406666666666666,0.5723333333333334,2.1677344205008735,0.003350639024000535,0.03322514263868796
Tier 2,,Arginyl-Glutamine,1.611,0.7593333333333333,2.1215978928884986,0.02843600484216569,0.10843268288891399
Tier 2,,Isomer 1 of 2-Aminoacetophenone,1.6416666666666668,0.7743333333333333,2.1201033146792945,0.046560797582969396,0.14467550777121052
Tier 2,,2-[(L-Alanin-3-ylcarbamoyl)methyl]-2-hydroxybutanedioic acid,1.5576666666666668,0.738,2.110659439927733,0.04704543319282448,0.1457905269264267
Tier 1,,Gly-Norleucine,1.287,0.6123333333333333,2.101796407185629,0.010891967615151214,0.0650222864566212
Tier 2,,Isomer 1 of Prolyl-Leucine,0.6493333333333334,0.31,2.094623655913979,0.03579309469368029,0.12420418188615406
Tier 2,,Prolyl-Tyrosine,1.7146666666666668,0.8196666666666665,2.091907279381863,0.006558705386726528,0.048727817584718246
Tier 2,C05653,Isomer 1 of Formylanthranilic acid,2.239333333333333,1.0723333333333336,2.0882810071495177,0.00017822412411075433,0.010514340149949288
Tier 2,,Glycyl-Arginine,2.1926666666666663,1.0633333333333332,2.0620689655172413,0.0016407572934619475,0.024332657335295924
Tier 2,,"1,4-Dihydroxy-6-naphthoic acid",1.07,0.519,2.0616570327552988,0.025081475770193574,0.10058626442094933
Tier 1,C03401,"2,3-Diaminoproprionic acid",0.836,0.4156666666666667,2.011226944667201,0.010939901517723153,0.0650222864566212
Tier 2,C08557,Miraxanthin-V,0.8689333333333332,0.4344333333333333,2.0001534566101435,0.00035924731976490654,0.012246107164927255
Tier 2,C03564,1-Pyrroline-2-carboxylic acid,0.9553333333333334,0.47833333333333333,1.9972125435540071,0.014340874078361635,0.07261198823442941
Tier 2,C01042,Isomer 1 of N-Acetyl-Aspartic acid,1.135,0.5726666666666667,1.9819557625145519,0.03237766743935813,0.11726786425692523
Tier 1,HMDB0029027,Prolyl-Threonine,1.4116666666666664,0.7126666666666667,1.9808231992516367,0.01967871854141872,0.08668477915138982
Tier 1,HMDB0003148,Argininic acid,0.9563333333333333,0.49100000000000005,1.9477257298031225,0.013585596679928194,0.07193776314558348
Tier 1,HMDB0029073,Threoninyl-Tyrosine,0.993,0.513,1.935672514619883,0.02476906179243249,0.10037532383716523
Tier 1,HMDB0028959,Lysyl-Proline,1.0453333333333334,0.5426666666666667,1.9262899262899262,0.03348826883923481,0.1180312261106594
Tier 2,,(+)-Dihydromyricetin,0.8873000000000001,0.46749999999999997,1.8979679144385029,0.03315027390867756,0.1180312261106594
Tier 1,HMDB0029115,Tyrosyl-Threonine,3.228,1.7043333333333333,1.8939956972423238,0.003436031852824608,0.033465217793476644
Tier 2,,"N-Acetyl-3,4-Dihydroxy-L-phenylalanine",1.1139999999999999,0.5927666666666666,1.8793229488837655,0.0022576350901491464,0.028012618457532713
Tier 2,,"3,4-Dihydroxyphenylethyleneglycol",1.851,0.9863333333333334,1.8766475160527203,0.043440954826322854,0.14032793454023618
Tier 2,C05647,Formyl-5-hydroxykynurenamine,2.59,1.391333333333333,1.86152371825587,0.0022991832885563964,0.028012618457532713
Tier 1,C01047,L-Theanine,1.297,0.7083333333333334,1.8310588235294116,0.04609709744232907,0.14467550777121052
Tier 2,C02700,Isomer 1 of N-formylkynurenine,1.6683333333333332,0.9170000000000001,1.8193384223918572,0.023385058687971177,0.09691330478289621
Tier 1,C02265,D-phenylalanine,1.0106666666666666,0.5566666666666666,1.8155688622754491,0.0037744045480794684,0.03527850702600084
Tier 2,,Isomer 1 of seryl-Leucine,1.351,0.7443333333333334,1.8150470219435735,0.044523289187068,0.1425658660119566
Tier 2,,2-Phenylglycine,1.0933333333333333,0.604,1.8101545253863134,5.664915777729501e-05,0.005154741265565959
Tier 1,C00102,Phenol,1.4349999999999998,0.793,1.8095838587641864,0.03799468908612249,0.12941979573658632
Tier 2,C19872,N-Formyl-4-amino-5-aminomethyl-2-methylpyrimidine,1.7910000000000001,1.0,1.7910000000000001,0.020584725923583142,0.08869032470421138
Tier 1,HMDB0028843,Glycyl-Histidine,1.368,0.7653333333333333,1.7874564459930316,0.04029519392955889,0.13267650501238282
Tier 2,C15700,gamma-Glutamyl-gamma-aminobutyraldehyde,1.4923333333333335,0.8366666666666666,1.7836653386454189,0.003379938621056537,0.03322514263868796
Tier 2,C03005,2-(Methylamino)benzoic acid,2.256,1.269,1.7777777777777777,0.03356879711427976,0.1180312261106594
Tier 2,C05730,Glutathionylspermidine,1.8549999999999998,1.0456666666666667,1.773987886515779,0.0030265326586603144,0.0318886486489755
Tier 2,,"1,2-Ethanediamine",1.929,1.0883333333333332,1.772434915773354,0.04736832710113909,0.14601034869739418
Tier 2,,Isomer 1 of Dehydroisocoproporphyrinogen,1.7813333333333332,1.0053333333333334,1.771883289124668,6.295186540967571e-05,0.005154741265565959
Tier 1,HMDB0003764,Glutamyl-Alanine,1.599,0.907,1.762954796030871,6.255507906173043e-05,0.005154741265565959
Tier 2,C03684,6-Pyruvoyltetrahydropterin,1.421,0.8166000000000001,1.7401420524124416,0.02713653082935074,0.10554107124569632
Tier 1,HMDB0252875,Glycyl-Alanine,1.5003333333333335,0.8649999999999999,1.7344894026974957,0.007323738780436704,0.05310075416751257
Tier 2,,Phenylalanyl-Threonine,1.382666666666667,0.8019999999999999,1.72402327514547,0.047255502155618447,0.14601034869739418
Tier 1,C00587,3-Hydroxybenzoic Acid,1.3983333333333334,0.8190000000000001,1.7073667073667074,0.038244714727448365,0.12941979573658632
Tier 2,,Isomer 1 of A-Ketoglutaric acid oxime,1.0983333333333334,0.6503333333333333,1.688877498718606,0.009286367886673974,0.05946353801466926
Tier 1,C00308,Canavanine,0.37266666666666665,0.22246666666666667,1.6751573269403655,0.0001322775018399578,0.00851720136847284
Tier 2,,"N,N-Dihydroxy-L-isoleucine",1.328,0.7963333333333334,1.667643365424864,0.008428503097699087,0.05646609878747539
Tier 1,HMDB0029069,Threoninyl-Proline,1.4376666666666666,0.8653333333333334,1.661402157164869,0.012603196064207381,0.0685779541709688
Tier 2,,Glutamyl-Proline,2.169333333333333,1.3276666666666668,1.6339442631182521,0.03345679680185824,0.1180312261106594
Tier 2,,"4,6-Dihydroxyquinoline",1.43,0.8766666666666666,1.6311787072243347,0.006103452349670236,0.04627893092263432
Tier 2,C10305,Barbaloin,0.9563333333333333,0.5886666666666667,1.6245753114382784,0.033040482255912655,0.1180312261106594
Tier 2,C16196,"Isomer 3 of 1,2-Dihydroxynaphthalene-6-sulfonic acid",1.7506666666666666,1.119,1.5644921060470658,0.04562737041371875,0.14467550777121052
Tier 2,C09789,Naringin,0.7819999999999999,0.506,1.5454545454545452,0.04985529349181191,0.14937035511326513
Tier 1,C00755,Vanillin,2.130333333333333,1.3866666666666667,1.5362980769230767,0.04606542747746453,0.14467550777121052
Tier 2,,m-Aminobenzoic acid,1.4183333333333332,0.931,1.5234514858575008,0.030919612886218525,0.11376454392103896
Tier 2,C05958,Delta-12-Prostaglandin J2,0.511,0.775,0.6593548387096774,0.014748403056723312,0.07336222808043914
Tier 1,HMDB0028797,Glutaminyl-glycine,0.9993333333333334,1.516333333333333,0.6590459441635526,0.017718966039900093,0.08117107367685457
Tier 2,C06032,D-erythro-3-Methylmalic acid,0.8883333333333333,1.3506666666666665,0.657699901283317,0.03408897588399376,0.1193629095152531
Tier 2,,2-Dehydro-3-deoxy-D-xylonic acid/2-Dehydro-3-deoxy-L-arabinonic acid,0.898,1.3726666666666667,0.6542010684798446,0.0416313367473058,0.13553572834305455
Tier 1,,3-Hydroxyisovaleric Acid,1.0128333333333333,1.5596666666666668,0.6493908954904893,0.00029424102628105474,0.011131129965872285
Tier 2,C05791,D-Urobilin,0.3445333333333333,0.5366666666666666,0.6419875776397516,0.001522162272727534,0.024332657335295924
Tier 2,C00122,Isomer 3 of Fumaric acid,0.8180000000000001,1.307,0.6258607498087223,0.015099580818573082,0.07415429732511103
Tier 1,HMDB0028740,Asparaginyl-Serine,1.0516666666666665,1.6836666666666666,0.6246287863789348,0.014117937999584714,0.07241296400055919
Tier 2,,"1,2 Diaminopropane",0.7356666666666666,1.1803333333333335,0.6232702626376728,0.023496668372729797,0.09691330478289621
Tier 1,HMDB0028741,Asparaginyl-Threonine,1.1900000000000002,1.9143333333333334,0.6216263277032911,0.024605679451091805,0.10006309643444
Tier 2,,N-Acetyl-Folic acid,0.4923666666666666,0.7946666666666666,0.6195889261744966,0.022185796082462485,0.09316426688251457
Tier 1,HMDB0028729,Asparaginyl-Glutamine,1.1256666666666668,1.83,0.6151183970856102,0.012136863882157995,0.06739689763986431
Tier 2,,N-Acetyl-5-Aminolevulinic acid,0.6056666666666667,1.0023333333333333,0.6042567342866645,0.013692059233170857,0.07193776314558348
Tier 2,,N2-Acetyl-L-Hydroxylysine,0.7143333333333334,1.1863333333333335,0.6021354313009272,0.04125108825676016,0.13504175170322774
Tier 2,C04092,Delta1-Piperideine-2-carboxylic acid,0.41733333333333333,0.7046666666666667,0.5922421948912016,0.018880587990721207,0.08436075118936201
Tier 2,C03577,Leukotriene E4,1.0256999999999998,1.7596666666666667,0.582894487592347,0.01369566832005006,0.07193776314558348
Tier 2,C16316,13(S)-HOT,0.516,0.8853333333333334,0.5828313253012047,0.02165642086588378,0.092263062110372
Tier 1,C00417,cis-Aconitic acid,0.7242666666666667,1.2446666666666666,0.5818960899839315,0.002260462927304088,0.028012618457532713
Tier 2,C03557,2-Aminoethylphosphonate,0.8300666666666666,1.4290000000000003,0.580872404945183,0.01654381965861684,0.07794425603388991
Tier 1,HMDB0028828,Glutamyl-Serine/Seryl-Glutamic acid,1.074,1.8516666666666666,0.58001800180018,0.011530600565040476,0.06661449664875028
Tier 1,C01108,Gallic Acid,0.8703333333333333,1.505,0.5782945736434109,0.012006960544567886,0.06739689763986431
Tier 2,C09025,Akuammicine,0.5501666666666667,0.9550000000000001,0.5760907504363002,0.02382277327757768,0.0979099086124558
Tier 2,C12468,"3-Amino-4,7-dihydroxycoumarin",0.9046666666666666,1.5713333333333335,0.5757318625371234,0.03935130021007765,0.1310579222513793
Tier 1,C00149,Malic Acid,0.7008666666666666,1.2313333333333334,0.5691932864103952,0.013224768036697908,0.07063366891489804
Tier 2,C03415,N2-Succinyl-L-ornithine,0.8813333333333334,1.5583333333333333,0.5655614973262032,0.014572904866414903,0.07280171008696065
Tier 2,,Isomer 1 of Prolyl-Glycine,1.0,1.7690000000000001,0.5652911249293385,0.036961433088566954,0.1274949433025271
Tier 1,C00015,Uridine,0.27066666666666667,0.4803333333333333,0.563497571131159,0.0042548716690459995,0.03707816740168657
Tier 1,C00805,Salicylic Acid,0.7497333333333334,1.336,0.5611776447105788,0.0038209293574234496,0.035427657002030224
Tier 2,,Isomer 1 of Asparaginyl-Valine,1.1183333333333334,1.9983333333333333,0.5596330275229359,0.01955774184244569,0.0865168808984525
Tier 2,C03590,4-Hydroxyphenylglyoxylic acid,0.4387666666666667,0.785,0.5589384288747347,0.017318003245499952,0.08028626304613777
Tier 1,C02341,trans-Aconitic acid,0.6903333333333334,1.2446666666666666,0.5546331012319229,0.012914199535684533,0.06929424658267766
Tier 2,,2-Succinylbenzoic acid,0.8053333333333333,1.4603333333333335,0.5514722666057977,0.014346976104990798,0.07261198823442941
Tier 2,C01102,O-Phospho-L-homoserine,0.8596666666666667,1.5680000000000003,0.5482568027210883,0.012153538918664056,0.06739689763986431
Tier 2,,3-Butynoic acid,0.5906666666666668,1.0863333333333334,0.5437250690395827,0.0025406785734455066,0.029154915511122197
Tier 1,C02214,Trans-Glutaconic acid/Itaconic acid,0.9433333333333334,1.7373333333333332,0.5429777436684575,0.002096542744494339,0.028012618457532713
Tier 2,,"2,3-Dinor-8-iso prostaglandin F1alpha",0.431,0.7956666666666666,0.5416841223292836,0.001655092761328677,0.024332657335295924
Tier 2,C00072,Isomer 1 of Ascorbic acid,1.638,3.0356666666666663,0.5395849346656418,0.04978899409167803,0.14937035511326513
Tier 1,HMDB0029056,Threoninyl-Asparagine,1.0503333333333333,1.9576666666666664,0.5365230716839776,0.015693725287215205,0.07567336788546032
Tier 1,HMDB0028832,Glutamyl-Valine,0.8676666666666666,1.6280000000000001,0.5329647829647829,0.017893793927256905,0.0813290476929049
Tier 2,,Hydroxyprolyl-Hydroxyproline,0.47100000000000003,0.895,0.5262569832402235,0.029117163785793047,0.10923203712620103
Tier 2,,1-O-4-Hydroxybenzoyl-beta-D-Glucose,0.616,1.1716666666666666,0.52574679943101,0.0019980697606493906,0.027568605388007664
Tier 2,C05951,Leukotriene D4,0.6682666666666668,1.287,0.5192437192437194,0.02303386510090604,0.09602967500701476
Tier 2,,Succinyladenosine,1.0373333333333334,2.0243333333333333,0.5124320764037544,0.027800939537870464,0.10754544061559095
Tier 1,HMDB0029058,Threoninyl-Cysteine,0.7463333333333334,1.4653333333333334,0.509326660600546,0.041363090469927394,0.13504175170322774
Tier 2,,N-Acetyl-L-Asparagine,0.8773333333333334,1.7336666666666665,0.5060565275908481,0.011166393604622536,0.06569467100384527
Tier 2,C12455,5-Aminopentanal,0.7143333333333333,1.4186666666666667,0.5035244360902255,0.00029557508460496053,0.011131129965872285
Tier 2,,Valyl-Proline,0.6443333333333333,1.2813333333333334,0.5028616024973985,0.01946366804792717,0.0864306178833241
Tier 2,C02183,Phloroglucinol,0.38566666666666666,0.7753333333333333,0.49742046431642306,0.03029265969110816,0.11252946340382806
Tier 2,C21777,4-Hydroxy-L-tryptophan,0.755,1.524,0.4954068241469816,0.03760686738932987,0.1293363777573689
Tier 1,HMDB0028829,Glutamyl-Threonine,1.097,2.2183333333333333,0.4945154019534185,0.007533205439005179,0.053564325790227005
Tier 2,,"2-Ethyl-3,4-dihydroxyfuran",0.9416666666666668,1.905,0.49431321084864394,0.024869920346414647,0.10042314668666967
Tier 2,,4-Hydroxypiperidine,0.6976666666666667,1.4383333333333332,0.4850521436848204,0.00022177343981487344,0.010514340149949288
Tier 2,C07354,"(7S,8S)-DiHODE",0.6833333333333332,1.4133333333333333,0.48349056603773577,0.018924758679235654,0.08436075118936201
Tier 2,,"4-Caffeoyl-1,5-quinolactone",0.711,1.4856666666666667,0.478573031186897,0.02865444482820875,0.10888689034719325
Tier 2,,Prolyl-Asparagine,0.8886666666666666,1.8769999999999998,0.47345054164446815,0.0021326359569236487,0.028012618457532713
Tier 1,HMDB0028881,Histidinyl-Aspartic acid,0.8613333333333332,1.8266666666666669,0.4715328467153283,0.00021119770268324586,0.010514340149949288
Tier 2,C02727,Isomer 1 of N6-Acetyl-Lysine,0.6205333333333334,1.3526666666666667,0.45874815179891576,0.0054330105317944065,0.043426615216204945
Tier 2,C17743,Bisdemethoxycurcumin,0.2506333333333333,0.5493333333333333,0.45625,0.003616687377716207,0.03452953097740657
Tier 1,HMDB0028814,Glutamyl-Asparagine,0.8643333333333333,1.9013333333333335,0.45459326788218785,0.0012485250461706499,0.021924856492602774
Tier 2,C01877,4-Oxoproline,0.6669999999999999,1.4693333333333334,0.45394736842105254,0.03985518443822446,0.13197759646829185
Tier 2,,Gly-Gly-Gly-Gly,0.91,2.0060000000000002,0.45363908275174475,0.008373594905723094,0.05646609878747539
Tier 2,C04076,Allysine,0.7706666666666667,1.7139999999999997,0.4496304939712175,0.0010143617557892876,0.019105312510070326
Tier 2,C21248,2-Aminovalienone,0.9966666666666666,2.2279999999999998,0.4473369239976062,0.01226495183876813,0.06769085324348696
Tier 2,C00624,N-Acetyl-L-glutamic acid,0.706,1.5839999999999999,0.4457070707070707,0.0017215512523677875,0.024332657335295924
Tier 2,C16308,Isomer 1 of Traumatic acid,0.6254333333333334,1.4076666666666666,0.4443049964480228,0.004474209955816249,0.038129480432287005
Tier 2,,N-Acetyl-Dihydropteroic acid,0.8061333333333334,1.8306666666666669,0.44034959941733426,0.028441359446272522,0.10843268288891399
Tier 1,C00431,5-Aminopentanoic acid,0.7946666666666666,1.8106666666666669,0.438880706921944,0.021732369246015147,0.092263062110372
Tier 2,,Valyl-Hydroxyproline,1.336,3.060333333333334,0.4365537523145626,0.01449715755467696,0.07280171008696065
Tier 2,,Hydroxyprolyl-Valine,0.6633333333333332,1.5223333333333333,0.4357346179111013,0.020439686298029936,0.08869032470421138
Tier 2,C14762,13(S)-HODE,0.8246666666666668,1.9196666666666664,0.4295884702205245,2.159711568769428e-05,0.002877201258950195
Tier 2,,gamma-Carboxyglutamic acid,0.7136666666666667,1.665,0.4286286286286286,0.034201931526706655,0.1193977067453404
Tier 2,,Isomer 1 of Hydroxyprolyl-Hydroxyproline,1.1863333333333335,2.802,0.42338805615036884,0.008620001919150938,0.05708904128169107
Tier 1,,Pimelic acid/3-Methyladipic Acid,0.8913666666666668,2.1216666666666666,0.42012568735271016,0.011392368865420008,0.06658947555266771
Tier 1,,N-Acetyl-DL-serine,0.3216666666666666,0.7656666666666666,0.42011319111885065,0.009845139518019234,0.06101880588975558
Tier 2,C22137,Isomer 2 of 4-Chloro-L-lysine,0.36066666666666664,0.8656666666666667,0.4166345783596457,0.03898102981742712,0.13095366248811022
Tier 1,C08317,12-Hydroxydodecanoic Acid,0.65,1.5613333333333335,0.4163108454312553,0.0033789916765429332,0.03322514263868796
Tier 1,HMDB0029071,Threoninyl-Threonine,0.9796666666666667,2.3793333333333333,0.41173998318856825,0.026203407758247324,0.10400599175276934
Tier 1,C08278,Suberic acid,0.4263333333333333,1.0410000000000001,0.4095421069484469,0.004133511675092842,0.03657053459108858
Tier 2,,gamma-L-Glutamyl-L-2-aminobutyric acid,0.8543333333333334,2.0913333333333335,0.40851131654446926,0.0055868960301953055,0.043579278712257426
Tier 2,C00570,CDP-ethanolamine,0.24253333333333335,0.6006666666666667,0.4037735849056604,0.0026905956369333035,0.03027573148743397
Tier 2,C16309,Traumatin,0.563,1.3946666666666667,0.40368068833652004,0.01635108828332944,0.07759985793258385
Tier 2,C02647,4-Guanidinobutanal,0.9576666666666668,2.392333333333333,0.400306534763829,0.009793107336760856,0.06101880588975558
Tier 2,C01234,1-Aminocyclopropane-1-carboxylic acid,0.934,2.336,0.39982876712328774,0.0022219015864054286,0.028012618457532713
Tier 1,C00059,Uric acid,0.7437999999999999,1.8633333333333333,0.3991771019677996,0.0402224565357374,0.13267650501238282
Tier 2,,L-alpha-Aspartyl-L-hydroxyproline,0.9013333333333332,2.2596666666666665,0.39887889069184246,0.014510861393786998,0.07280171008696065
Tier 2,C05648,5-Hydroxy-N-formylkynurenine,0.465,1.1686666666666667,0.39788933257273246,0.001193790038279017,0.021286194682544318
Tier 2,,"7,8-Diaminononanoic acid",0.7001,1.763,0.3971072036301758,0.002774600056038394,0.030912410140566827
Tier 1,HMDB0029123,Valyl-Aspartic acid,0.8266666666666667,2.0829999999999997,0.3968634981597056,0.005615626614209018,0.043579278712257426
Tier 2,,"6-(Hydroxymethyl)-7,8-dihydropterin",0.7235666666666667,1.8333333333333333,0.3946727272727273,0.020547784851089462,0.08869032470421138
Tier 2,C05949,12-Keto-leukotriene B4,0.672,1.7149999999999999,0.3918367346938776,0.010469484310027135,0.06386385429116553
Tier 2,C22137,Isomer 1 of 4-Chloro-L-lysine,0.34366666666666673,0.8793333333333333,0.3908263836239576,0.026684806298482987,0.1046770663532675
Tier 2,,20-COOH-leukotriene E4,0.278,0.7123333333333334,0.3902667290594291,0.04454536377200856,0.1425658660119566
Tier 2,C02587,Pyrimidodiazepine,0.5447666666666667,1.4029999999999998,0.3882870040389642,0.04346654745465469,0.14032793454023618
Tier 1,C00286,Deoxyguanosine,0.5643333333333334,1.4573333333333334,0.3872369624885636,0.0023199012157835894,0.028012618457532713
Tier 1,HMDB0000721,Glycyl-Proline,0.719,1.859,0.38676707907477137,0.002675062852970238,0.03027573148743397
Tier 1,C01732,Mesaconic Acid,0.6267666666666667,1.6340000000000001,0.383578131374949,0.013760546296080575,0.07193776314558348
Tier 2,,"5,6-DHET",1.0006666666666666,2.6376666666666666,0.37937571085555416,0.004375713093074776,0.03765126923086356
Tier 1,HMDB0029035,Seryl-Aspartic acid,0.645,1.721,0.37478210342823937,0.001640797943603897,0.024332657335295924
Tier 2,,"3,4-Dihydroxyphenylethyleneglycol 4-O-glucuronide",0.3006,0.8036666666666665,0.37403566984653674,0.03546327914339694,0.12342925083242358
Tier 1,C02835,Imidazole-4-acetic acid,0.848,2.267333333333333,0.3740076448103499,0.039184253612929716,0.1310579222513793
Tier 2,,L-trans-4-Methyl-2-pyrrolidinecarboxylic acid,0.48133333333333334,1.3216666666666665,0.3641866330390921,0.0005698647212080086,0.015812412909911137
Tier 2,,Seryl-Tyrosine,0.5990000000000001,1.6453333333333333,0.3640599675850892,0.002441183740835033,0.02887073424110003
Tier 1,C12269,N-Methyl-D-aspartic acid,0.8666666666666666,2.3853333333333335,0.3633314700950251,0.015729407722527976,0.07567336788546032
Tier 2,C21762,4-Hydroxytryptamine,0.7285333333333334,2.021,0.3604816097641432,0.005543910539885812,0.043579278712257426
Tier 1,C00158,Citric acid/Isocitric acid,0.5343333333333333,1.5053333333333334,0.3549601417183348,0.0025048073278755227,0.029030716930077305
Tier 2,C00493,Shikimic acid,0.39599999999999996,1.117333333333333,0.3544152744630072,0.0021331930326348903,0.028012618457532713
Tier 2,C08491,Isomer 1 of Jasmonic acid,1.344,3.801,0.35359116022099446,0.00042927073821650815,0.013820132933137027
Tier 2,,gamma-Glutamyllysine,0.6546666666666666,1.8526666666666667,0.35336451961137094,0.01627728373385041,0.07759985793258385
Tier 1,HMDB0028818,Glutamyl-Glutamic acid,0.588,1.6823333333333335,0.3495145631067961,0.0006412996757191943,0.016157963568664047
Tier 1,C00018,Pyridoxal,0.5399999999999999,1.55,0.3483870967741935,0.0010164764214713956,0.019105312510070326
Tier 1,C01839,o-Toluic acid,1.1332000000000002,3.2776666666666667,0.3457337536865657,0.0028005203319754245,0.030912410140566827
Tier 2,C09265,Fraxetin,0.4603333333333333,1.3376666666666666,0.3441315723897334,0.01760560680930177,0.08097181861897124
Tier 2,,"15H-11,12-EETA",0.7543333333333333,2.201,0.34272300469483563,0.004914326526986517,0.040925607999267075
Tier 1,C00203,D-Galactosamine,0.6097,1.784,0.34176008968609867,0.012889433440567017,0.06929424658267766
Tier 2,C04575,"(4R,5S)-4,5,6-Trihydroxy-2,3-dioxohexanoic acid",0.5186666666666667,1.5206666666666668,0.3410784743533538,0.0025016518040284173,0.029030716930077305
Tier 2,C07734,"2-Hydroxy-6-oxo-6-(2-hydroxyphenoxy)-hexa-2,4-dienoic acid",0.4176666666666667,1.229,0.3398426905343097,0.01022193595373202,0.06268372365277995
Tier 2,,"3',5'-Cyclic GMP",0.8923333333333333,2.6300000000000003,0.33929024081115333,0.0005730123746473406,0.015812412909911137
Tier 2,C20417,Olivetol,0.3580666666666667,1.0603333333333333,0.33769254951273187,0.03798674497431405,0.12941979573658632
Tier 2,,Isoleucyl-Hydroxyproline,1.1173333333333335,3.3113333333333332,0.33742701832091815,0.0003084768168213696,0.011131129965872285
Tier 1,C00385,Xanthine,0.8893333333333334,2.6476666666666664,0.33589323933022797,0.009776117649165481,0.06101880588975558
Tier 2,,Stearoylglycine,0.6010000000000001,1.7953333333333334,0.3347567768288155,0.001957519457105879,0.02733451868416523
Tier 1,C00352,D-Glucosamine 6-phosphate,0.49866666666666665,1.4913333333333334,0.33437639696021454,0.005003073425940321,0.040925607999267075
Tier 1,C00002,Adenosine,0.5536666666666666,1.657333333333333,0.334070796460177,0.004699678027580211,0.039758590028944996
Tier 2,C17754,3-Methoxytyramine-betaxanthin,0.8028666666666666,2.4273333333333333,0.33076078000549297,0.014012117199889896,0.07241296400055919
Tier 2,,4-(beta-D-Glucosyloxy)benzoic acid,0.37856666666666666,1.1593333333333333,0.3265382403680276,0.024359788135471256,0.09941195228525065
Tier 2,C06469,Neuraminic acid,0.5373333333333333,1.6893333333333331,0.31807419100236783,0.002320285911926782,0.028012618457532713
Tier 2,C16322,9-Oxononanoic acid,0.665,2.091666666666667,0.3179282868525896,0.014207126575595584,0.07253770793442856
Tier 2,,"3,4-Dihydroxyphenylacetate 4-O-glucuronide",0.4792,1.5146666666666666,0.3163732394366197,0.0024124799891563527,0.028825405231259923
Tier 2,C04540,Aspartylglycosamine,0.5303333333333333,1.702,0.3115942028985507,0.0010506586302235818,0.01932878337189097
Tier 1,C00628,"2,5-Dihydroxybenzoic acid/Protocatechuic acid",0.5479999999999999,1.7793333333333334,0.30798051704758334,0.0008155832463195927,0.017186563317898328
Tier 2,,Alanyl-Glutamic acid,0.34800000000000003,1.1313333333333333,0.3076016499705363,0.01715974849050201,0.08019414717940254
Tier 2,,Aspartyl-gamma-Glutamic acid,0.5946666666666666,1.941,0.30637128627855054,9.188416406746232e-05,0.006264338009069931
Tier 2,,Hydantoin-5-propionic acid,0.7553333333333333,2.4723333333333333,0.3055143589052177,0.002975957963586945,0.0318886486489755
Tier 2,,L-beta-aspartyl-L-serine,0.5273333333333333,1.7366666666666666,0.3036468330134357,0.0029498471082147486,0.0318886486489755
Tier 2,,"2,3-Dihydroxyindole",0.622,2.053,0.30297126156843646,0.044651776844124455,0.1425658660119566
Tier 2,,"11H-14,15-EETA",0.6893333333333334,2.281,0.3022066345170247,0.005552547109874527,0.043579278712257426
Tier 2,C04501,alpha-D-Glucosamine 1-phosphate,0.438,1.4503333333333333,0.30199954033555504,1.2226170618209773e-05,0.0020404276263831836
Tier 2,,2-Isopropoxyphenol,0.4989333333333333,1.6523333333333332,0.30195682872705265,0.017064373052762274,0.08007128893988452
Tier 2,,N-Ribosylhistidine,0.8146666666666667,2.711,0.3005041190212714,0.0007525167275473932,0.016573346882078864
Tier 1,C03761,3-Hydroxymethylglutaric acid,0.5936666666666667,1.9843333333333335,0.29917688560389716,0.00805318952455521,0.05589009975424844
Tier 1,,"2,4-Dihydroxybenzoic Acid",0.525,1.7666666666666666,0.29716981132075476,0.0015586592352090142,0.024332657335295924
Tier 2,C14832,"Isomer 1 of 12,13-Epoxy-9-hydroxy-10-octadecenoic acid",0.4093333333333334,1.3833333333333335,0.2959036144578313,0.04597119464111443,0.14467550777121052
Tier 2,,"N-Acetyl-6-Lactoyl-5,6,7,8-tetrahydropterin",0.5362333333333332,1.8213333333333335,0.294418008784773,0.0005151810658624121,0.01571302250880357
Tier 2,C14828,"9,10-DHOME",0.6836666666666668,2.345666666666667,0.29145942873383546,0.011664844437413127,0.06692848862852382
Tier 2,C22137,Isomer 4 of 4-Chloro-L-lysine,0.26399999999999996,0.9446666666666667,0.27946365561044456,0.03301936317737277,0.1180312261106594
Tier 2,C22137,Isomer 5 of 4-Chloro-L-lysine,0.2633333333333333,0.944,0.278954802259887,0.03078571079306678,0.11363260767249808
Tier 2,,6-O-Galloylglucose,0.7236666666666668,2.6553333333333335,0.27253326638212405,0.0003053813362063062,0.011131129965872285
Tier 2,C05786,(3Z)-Phycocyanobilin,0.7393333333333333,2.7140000000000004,0.2724146401375583,0.039304593896617876,0.1310579222513793
Tier 2,,N-Acetyl-6-(1'-Hydroxy-2'-oxopropyl)-tetrahydropterin,0.793,2.9250000000000003,0.2711111111111111,0.026465543628566318,0.1046770663532675
Tier 2,C02305,Phosphocreatine,0.7850000000000001,2.917666666666667,0.26905061121901064,0.005014181480496915,0.040925607999267075
Tier 2,,7-Hydroxy-2-Oxindole-3-Acetate,0.4896666666666667,1.83,0.26757741347905284,0.000920908317604697,0.018402288622480067
Tier 2,,N-Formimino-L-glutamic acid,0.652,2.4410000000000003,0.26710364604670217,0.001716183546156738,0.024332657335295924
Tier 2,,N-Acetyl-N-Formimino-L-glutamic acid,0.37023333333333336,1.3869999999999998,0.2669310261956261,0.03981185885295386,0.13197759646829185
Tier 2,,N-Acetyl-L-2-Aminoadipic acid,0.27476666666666666,1.034,0.2657317859445519,0.03834135880706647,0.12941979573658632
Tier 1,C06104,Adipic acid,0.3656333333333333,1.3843333333333334,0.26412232121358054,0.0007722081974595839,0.01657387594177144
Tier 2,,Myricetin 3-O-Gentiobioside,0.9571,3.632666666666667,0.2634703615342264,0.0464676284854002,0.14467550777121052
Tier 2,C00183,Isomer 1 of Valine,0.734,2.7883333333333327,0.26323968918111185,0.0033051136315088957,0.03322514263868796
Tier 1,C00122,Fumaric Acid,0.32333333333333336,1.2556666666666667,0.2574993363419167,0.000689079565207969,0.016573346882078864
Tier 2,,N-(L-Arginino)succinic acid,0.5933333333333334,2.313,0.25652111255224097,0.012018516413625106,0.06739689763986431
Tier 2,C16679,all-trans-18-Hydroxyretinoic acid,0.38566666666666666,1.5156666666666665,0.25445348581482297,0.0022801876136340367,0.028012618457532713
Tier 2,C16311,Isomer 1 of 12-Oxo-9(Z)-dodecenoic acid,0.4830666666666667,1.9016666666666666,0.254022787028922,0.00018173115126541775,0.010514340149949288
Tier 2,,Homoisocitric acid,0.4573333333333333,1.8056666666666665,0.2532767214325272,0.0006768658546633198,0.016573346882078864
Tier 2,C22137,Isomer 6 of 4-Chloro-L-lysine,0.31933333333333336,1.266,0.25223802001053186,0.014120215585958908,0.07241296400055919
Tier 1,,4-Methyl-2-Oxopentanoic Acid/2-Methyl-3-Ketovaleric Acid/3-Methyl-2-Oxo-Valeric Acid,0.5100666666666667,2.0239999999999996,0.25200922266139664,0.012079579514933016,0.06739689763986431
Tier 2,,4-Ethoxyphenol,0.5844,2.354,0.24825828377230247,0.043156309523750006,0.14010689842584384
Tier 2,,Homoagmatine,0.43733333333333335,1.7923333333333333,0.24400223172772922,4.289847670602462e-06,0.0012429833625570632
Tier 2,,3-Oxoalanine,0.731,3.0033333333333334,0.24339622641509434,0.0031069971387377186,0.032441528682856
Tier 2,,18-Oxooleic acid,0.5730000000000001,2.3906666666666667,0.23968209704406027,0.008842414405675828,0.05725339830267198
Tier 1,C00346,Ethanolamine phosphate,0.36433333333333334,1.577,0.2310293806806172,0.0016100120695033793,0.024332657335295924
Tier 2,,L-Tyrosine O-sulfate,0.411,1.781666666666667,0.23068288119738067,0.0056401137246234806,0.043579278712257426
Tier 2,,Aspartyl-Glycine,0.7046666666666667,3.1193333333333335,0.22590297072023935,0.011072235644217682,0.06547306689616476
Tier 2,,"9,10-Dihydroxystearic acid",0.6993333333333335,3.119666666666667,0.22416924885137304,0.0036346874713059545,0.03452953097740657
Tier 2,,2-Hydroxyethylenedicarboxylic acid,0.715,3.196333333333333,0.2236938158306393,0.010151071892318422,0.06258027831487793
Tier 2,,2-(Hydroxymethyl)-3-(acetamidomethylene)succinic acid,0.638,2.898666666666667,0.22010119595216188,0.008337003137697661,0.05646609878747539
Tier 2,C14837,"Isomer 3 of 9,10-Dihydroxy-12,13-epoxyoctadecanoic acid",0.3686,1.6876666666666669,0.21840805846336162,0.007449036818824561,0.05329280045072633
Tier 2,C02637,3-Dehydroshikimic acid,0.514,2.3553333333333337,0.21822813472969144,0.00882125052519895,0.05725339830267198
Tier 1,C00147,Adenine,0.44533333333333336,2.0816666666666666,0.21393114491593276,0.0039831326992491615,0.036350006286848646
Tier 2,,"2-Hydroxyhepta-2,4-dienedioic acid",0.4597,2.170666666666667,0.2117782555282555,0.0010985930960857957,0.019894834349428705
Tier 2,C00311,Isocitric acid,0.39666666666666667,1.9286666666666665,0.20566885585896993,0.002897044996928314,0.03167618067396147
Tier 2,,Isomer 1 of Prolyl-Glutamine,0.3993333333333333,2.039,0.19584763773091382,0.01640376634467907,0.07759985793258385
Tier 2,C20186,"5S,8R-DiHODE",0.4013333333333334,2.0923333333333334,0.1918113748606022,0.009563831202992472,0.06056308691334942
Tier 1,HMDB0028819,Glutamyl-Glycine,0.4043333333333334,2.116,0.1910838059231254,0.003382715126285746,0.03322514263868796
Tier 2,C22137,Isomer 7 of 4-Chloro-L-lysine,0.6933333333333334,3.6696666666666666,0.18893632482514308,0.000899121750343785,0.018282142256990295
Tier 2,C04545,1-Methylguanosine,0.7341666666666667,3.943,0.18619494462761013,0.0016247807054962083,0.024332657335295924
Tier 2,C04122,D-1-Aminopropan-2-ol O-phosphate,0.41100000000000003,2.2176666666666667,0.1853299263490155,7.1161225409021e-05,0.005154741265565959
Tier 1,HMDB0029038,Seryl-Glutamic acid,0.42100000000000004,2.325333333333333,0.18104931192660553,0.00020404644229845306,0.010514340149949288
Tier 2,C00679,5-Dehydro-4-deoxy-D-glucaric acid,0.3303333333333333,1.83,0.18051001821493623,0.001022027071289353,0.019105312510070326
Tier 2,C01053,(R)-4-Dehydropantoic acid,0.35600000000000004,1.9843333333333335,0.17940534184444817,0.006109298042418508,0.04627893092263432
Tier 2,C00168,Hydroxypyruvic acid,0.549,3.1543333333333337,0.17404628553312904,0.01387008539141571,0.07208712541995878
Tier 2,C16311,12-Oxo-9(Z)-dodecenoic acid,0.3096666666666667,1.8143333333333336,0.17067793496233694,0.012114232522718685,0.06739689763986431
Tier 1,C00956,Aminoadipic acid,0.38600000000000007,2.3106666666666666,0.1670513560300058,0.0016992526107263207,0.024332657335295924
Tier 2,C22137,Isomer 8 of 4-Chloro-L-lysine,0.1476666666666667,0.8896666666666668,0.16597976770325965,0.009487913099598854,0.06042028177162128
Tier 1,C00245,Taurine,0.4136666666666666,2.518333333333333,0.1642620780939775,0.0007324605420589648,0.016573346882078864
Tier 1,,D-Glyceric acid,0.3033333333333333,1.8639999999999999,0.1627324749642346,6.237228884411293e-05,0.005154741265565959
Tier 1,,"3,3-Dimethylglutaric acid",0.45799999999999996,2.827666666666667,0.16197100082517973,0.03360682020407041,0.1180312261106594
Tier 1,,"6,7-Dihydroxycoumarin",0.7026666666666666,4.342666666666667,0.16180534233957625,0.0007128529490253597,0.016573346882078864
Tier 2,C16320,Colnelenic acid,0.18899999999999997,1.1736666666666666,0.16103379721669978,0.007123524653428018,0.052254209324829576
Tier 2,,(+)-Gallocatechin/(-)-Epigallocatechin,0.328,2.078,0.15784408084696824,0.000622664057371283,0.016157963568664047
Tier 2,C00127,Glutathione disulfide,0.323,2.0540000000000003,0.1572541382667965,0.0006360983504241315,0.016157963568664047
Tier 2,,Robustaquinone A,0.22596666666666665,1.4386666666666665,0.15706672845227063,0.00359033570773638,0.03452953097740657
Tier 2,C12136,(-)-Epigallocatechin,0.32066666666666666,2.0540000000000003,0.1561181434599156,0.0005995614526885893,0.016157963568664047
Tier 2,,Isomer 1 of Norfuraneol,0.21,1.348,0.15578635014836795,0.0002082424684407258,0.010514340149949288
Tier 2,C07354,"Isomer 1 of (7S,8S)-DiHODE",0.27599999999999997,1.8023333333333333,0.15313482522655814,0.004079062948775901,0.03657053459108858
Tier 2,C00051,Glutathione,0.252,1.6783333333333335,0.15014895729890765,0.0007578838522434683,0.016573346882078864
Tier 1,,trans-2-Methyl-2-pentenoic Acid,0.17216666666666666,1.1506666666666667,0.1496234067207416,0.008718583070686427,0.05725339830267198
Tier 2,,"(2S,3R)-3-Hydroxybutane-1,2,3-tricarboxylic acid",0.323,2.1750000000000003,0.14850574712643677,0.004172645550213657,0.036637092368921424
Tier 2,,(-)-Epigallocatechin sulfate,0.24266666666666667,1.712,0.14174454828660438,0.007376377412398209,0.05310075416751257
Tier 1,,2-Methyl-4-pentenoic acid,0.23766666666666666,1.708,0.13914910226385638,7.395016536204248e-06,0.0017141648330921445
Tier 2,,Palmitoylglycine,0.14633333333333334,1.059,0.13818067359143849,0.011433395716118098,0.06658947555266771
Tier 2,C04577,15-OxoETE,0.2893333333333334,2.1123333333333334,0.13697333122928831,0.0005463115145793889,0.015812412909911137
Tier 2,C16319,Isomer 1 of Etherolenic acid,0.2416666666666667,1.7679999999999998,0.13668929110105585,0.027837473843552448,0.10754544061559095
Tier 2,,(6-Hydroxy-Indol-3-Yl)Acetyl-L-Phenylalanine,0.24533333333333332,1.7993333333333332,0.13634679510929973,0.002182563182781955,0.028012618457532713
Tier 2,C07289,Crepenynic acid,0.303,2.268666666666667,0.13355862474287392,0.000553588529406603,0.015812412909911137
Tier 2,,L-prolyl-L-proline,0.3046666666666667,2.3076666666666665,0.13202368915210172,0.015615231430296724,0.07567336788546032
Tier 2,C04454,5-Amino-6-(5'-phospho-D-ribitylamino)uracil,0.5733333333333334,4.367333333333334,0.13127766753167455,1.2323549080830273e-05,0.0020404276263831836
Tier 2,,2-Amino-2-deoxy-D-gluconic acid,0.257,1.9653333333333336,0.1307666214382632,0.000226797673639976,0.010514340149949288
Tier 1,C00179,Agmatine,0.16796666666666668,1.3496666666666668,0.12445048160039515,2.2342373883133523e-05,0.002877201258950195
Tier 2,,Isomer 1 of 7-Hydroxy-2-Oxindole-3-Acetate,0.28833333333333333,2.3213333333333335,0.12421022400919011,0.0007322315050254063,0.016573346882078864
Tier 2,C14765,13-OxoODE,0.264,2.177,0.12126779972439136,0.0008371962328430757,0.0173269720333058
Tier 2,,Cystathionine sulfoxide,0.313,2.8640000000000003,0.10928770949720669,0.00852198989342761,0.05676428900277357
Tier 2,C20186,"Isomer 1 of 5S,8R-DiHODE",0.19543333333333335,1.7883333333333333,0.10928238583410999,5.2345962518536046e-05,0.005154741265565959
Tier 2,C06201,"2,4-Dihydroxyhept-2-enedioic acid",0.3167666666666667,2.9043333333333337,0.10906691151153448,0.0016904606265118036,0.024332657335295924
Tier 2,C22138,L-Propargylglycine,0.39233333333333337,3.7050000000000005,0.10589293747188483,0.009614847275285844,0.06056308691334942
Tier 2,,"15-Deoxy-Delta12,14-PGJ2",0.22273333333333334,2.1173333333333333,0.10519521410579345,0.0039030460982721893,0.03590182879283704
Tier 2,,"1,2-Dihydroxy-5-(methylthio)pent-1-en-3-one",0.2676,2.612,0.10245022970903522,0.001280799848171459,0.022155925731801807
Tier 2,C14766,9-OxoODE,0.226,2.2296666666666667,0.10136044251756615,0.006284870365529124,0.04729977112758607
Tier 1,C16308,Traumatic acid,0.14100000000000001,1.4969999999999999,0.09418837675350702,0.0014654502592931814,0.024332657335295924
Tier 2,C00885,Isochorismic acid,0.256,2.7389999999999994,0.09346476816356336,0.01577868606589931,0.07567336788546032
Tier 2,C20920,Tabtoxinine-delta-lactam,0.12379999999999998,1.4073333333333335,0.0879677877783041,0.0032539351965759533,0.03322514263868796
Tier 2,C01127,4-Hydroxy-2-oxoglutaric acid,0.22966666666666666,2.6296666666666666,0.08733679807326657,0.007654549370124979,0.05409526048765153
Tier 2,C02091,(S)-Ureidoglycine,0.36243333333333333,4.167333333333334,0.08697008478643417,0.015411856305917867,0.07536852936100763
Tier 1,C00035,Guanosine,0.2703333333333333,3.1149999999999998,0.08678437667201712,0.0043856094444923045,0.03765126923086356
Tier 2,C05714,alpha-Aminopropiononitrile,0.2396666666666667,3.2379999999999995,0.07401688284949559,0.010877370862849579,0.0650222864566212
Tier 2,,2-Pyrazoline,0.2396666666666667,3.2379999999999995,0.07401688284949559,0.010877370862849579,0.0650222864566212
Tier 2,,"2,3-Dimethylmaleic acid",0.13263333333333335,1.8696666666666666,0.07093956141914781,0.008403016792012028,0.05646609878747539
Tier 1,C00383,Malonic acid,0.2953,4.288666666666667,0.0688558992693922,0.02128429682416052,0.09136481488593348
Tier 2,,cis-4-Octenedioic acid,0.09899999999999999,1.4533333333333334,0.06811926605504587,0.007357952526872257,0.05310075416751257
Tier 2,,"Quercetin 3-O-(6""-O-Feruloyl)-Glucoside",0.22686666666666666,3.657,0.062036277458754896,0.015033704386952142,0.07414495057224482
Tier 2,,2-Methyleneglutaric acid,0.08800000000000001,1.4253333333333333,0.061739943872778306,0.005061146632849953,0.04102006256974192
Tier 2,C00616,Quercetin 3-sulfate,0.21253333333333332,3.4739999999999998,0.061178276722318174,0.001703408600607075,0.024332657335295924
Tier 1,HMDB0000393,3-Hexenedioic acid,0.09733333333333334,1.6006666666666665,0.06080799666805499,0.004881307557650178,0.040925607999267075
Tier 2,,"4,5-Dioxopentanoic acid",0.16133333333333336,2.8669999999999995,0.05627252645041276,0.011552643508540818,0.06661449664875028
Tier 2,,Rhamnalpinogenin,0.04006666666666667,1.391,0.028804217589264318,0.005128722809710143,0.04127909539204205
